https://raw.githubusercontent.com/tctree333/Reach-For-The-Stars-Images/master/constellations/Perseus.jpg,cc7333b3c2cc2699
https://raw.githubusercontent.com/tctree333/Reach-For-The-Stars-Images/master/constellations/Sagittarius.jpg,99cd6ee61ab119a4
https://raw.githubusercontent.com/tctree333/Reach-For-The-Stars-Images/master/constellations/Bootes.png,879c3cf45657311a
https://raw.githubusercontent.com/tctree333/Reach-For-The-Stars-Images/master/constellations/virgo/Virgo.jpg,89396eceb3604c57
https://raw.githubusercontent.com/tctree333/Reach-For-The-Stars-Images/master/constellations/virgo/virgo1.jpg,993c65c966939a6c
https://raw.githubusercontent.com/tctree333/Reach-For-The-Stars-Images/master/constellations/andromeda/Andromeda.png,ba7bf0842746a4ec
https://raw.githubusercontent.com/tctree333/Reach-For-The-Stars-Images/master/constellations/bootes/Bootes.png,879c3cf45657311a
https://raw.githubusercontent.com/tctree333/Reach-For-The-Stars-Images/master/constellations/tucana/Tucana.png,802f4ab709b67d56
https://raw.githubusercontent.com/tctree333/Reach-For-The-Stars-Images/master/constellations/aquila/Aquila.png,87e4f2723b31454b
https://raw.githubusercontent.com/tctree333/Reach-For-The-Stars-Images/master/constellations/aquila/aquila1.jpg,8727343939e0c78f
https://raw.githubusercontent.com/tctree333/Reach-For-The-Stars-Images/master/constellations/crux/Crux.jpeg,82214fd27c0f7be8
https://raw.githubusercontent.com/tctree333/Reach-For-The-Stars-Images/master/constellations/crux/CruxB.jpg,94b36e4eb18c7b0c
https://raw.githubusercontent.com/tctree333/Reach-For-The-Stars-Images/master/constellations/dorado/Dorado.png,cf98336726c4cc99
https://raw.githubusercontent.com/tctree333/Reach-For-The-Stars-Images/master/constellations/cygnus/Cygnus.jpg,d5c96d27b7180c9c
https://raw.githubusercontent.com/tctree333/Reach-For-The-Stars-Images/master/constellations/lyra/Lyra.jpg,dd817f8366263386
https://raw.githubusercontent.com/tctree333/Reach-For-The-Stars-Images/master/constellations/sagittarius/Sagittarius.jpg,99cd6ee61ab119a4
https://raw.githubusercontent.com/tctree333/Reach-For-The-Stars-Images/master/constellations/canis minor/Canis_minor.png,cb9919c73c666638
https://raw.githubusercontent.com/tctree333/Reach-For-The-Stars-Images/master/constellations/centaurus/Centauraus.png,c6496738997c6696
https://raw.githubusercontent.com/tctree333/Reach-For-The-Stars-Images/master/constellations/ophiuchus/Ophiuchus1.png,ceee37cf0c9886c0
https://raw.githubusercontent.com/tctree333/Reach-For-The-Stars-Images/master/constellations/ophiuchus/Opiuchus2.png,c543daa40de2e5a7
https://raw.githubusercontent.com/tctree333/Reach-For-The-Stars-Images/master/constellations/perseus/Perseus.jpg,cc7333b3c2cc2699
https://raw.githubusercontent.com/tctree333/Reach-For-The-Stars-Images/master/constellations/orion/Orion.jpg,d96b26cd4936383c
https://raw.githubusercontent.com/tctree333/Reach-For-The-Stars-Images/master/constellations/ursa major/Ursa_Major.jpg,955553d2a5357196
https://raw.githubusercontent.com/tctree333/Reach-For-The-Stars-Images/master/constellations/corvus/Corvus.png,98cc64c673339b39
https://raw.githubusercontent.com/tctree333/Reach-For-The-Stars-Images/master/constellations/corvus/CorvusB.png,c1e0361f1f3fc0e2
https://raw.githubusercontent.com/tctree333/Reach-For-The-Stars-Images/master/constellations/ursa minor/Ursa_Minor.png,b47d4a828174becb
https://raw.githubusercontent.com/tctree333/Reach-For-The-Stars-Images/master/constellations/sextans/Sextan.png,ba6ea1349aac9365
https://raw.githubusercontent.com/tctree333/Reach-For-The-Stars-Images/master/constellations/taurus/Taurus.png,9da0627bc96a3c96
https://raw.githubusercontent.com/tctree333/Reach-For-The-Stars-Images/master/constellations/coma berenices/Coma_BerenicesB.png,b03f07e01f1fe00f
https://raw.githubusercontent.com/tctree333/Reach-For-The-Stars-Images/master/constellations/coma berenices/Coma_Berenices.png,966fb54818629acf
https://raw.githubusercontent.com/tctree333/Reach-For-The-Stars-Images/master/constellations/auriga/Auriga.png,99662e9d7230b359
https://raw.githubusercontent.com/tctree333/Reach-For-The-Stars-Images/master/constellations/canis major/Canis_Major.png,885932666633df99
https://raw.githubusercontent.com/tctree333/Reach-For-The-Stars-Images/master/constellations/gemini/Gemini.png,cfe72c1e32396186
https://raw.githubusercontent.com/tctree333/Reach-For-The-Stars-Images/master/constellations/scorpius/Scorpius.png,f87e07e10f8a12f2
https://raw.githubusercontent.com/tctree333/Reach-For-The-Stars-Images/master/stars/vega/vega.png,999b6464999b9b64
https://raw.githubusercontent.com/tctree333/Reach-For-The-Stars-Images/master/stars/betelgeuse/betelgeuse.jpg,cdc43033cfcc3c33
https://raw.githubusercontent.com/tctree333/Reach-For-The-Stars-Images/master/stars/zeta ophiuchi/zeta.png,8bf40b827c8be45b
https://raw.githubusercontent.com/tctree333/Reach-For-The-Stars-Images/master/stars/procyon/procyon1.png,8d5a23738ccc7327
https://raw.githubusercontent.com/tctree333/Reach-For-The-Stars-Images/master/stars/procyon/procyon.png,a4335a9035ce2f9d
https://raw.githubusercontent.com/tctree333/Reach-For-The-Stars-Images/master/stars/deneb/Deneb.png,d86718c639dce31c
https://raw.githubusercontent.com/tctree333/Reach-For-The-Stars-Images/master/dsos/lmc/LMC4.jpg,983367cc99636d89
https://raw.githubusercontent.com/tctree333/Reach-For-The-Stars-Images/master/dsos/lmc/LMC6.jpg,99cc26331964dbc7
https://raw.githubusercontent.com/tctree333/Reach-For-The-Stars-Images/master/dsos/lmc/lmc3.jpg,c03e3fc11c2ff096
https://raw.githubusercontent.com/tctree333/Reach-For-The-Stars-Images/master/dsos/lmc/LMC5.jpg,99496697397c9c62
https://raw.githubusercontent.com/tctree333/Reach-For-The-Stars-Images/master/dsos/lmc/lmc7.jpg,c063178d2eb95c2f
https://raw.githubusercontent.com/tctree333/Reach-For-The-Stars-Images/master/dsos/rho ophiuchi cloud complex/ROCC3.jpg,db26cc916d6e9684
https://raw.githubusercontent.com/tctree333/Reach-For-The-Stars-Images/master/dsos/rho ophiuchi cloud complex/ROCC2.jpg,9c4b334cccb6639c
https://raw.githubusercontent.com/tctree333/Reach-For-The-Stars-Images/master/dsos/rho ophiuchi cloud complex/ROCC1.jpg,944b69b49d4eb691
https://raw.githubusercontent.com/tctree333/Reach-For-The-Stars-Images/master/dsos/ngc6357/NGC6357.png,f44f235a9c2b370c
https://raw.githubusercontent.com/tctree333/Reach-For-The-Stars-Images/master/dsos/ngc6357/ngc6357.jpg,c791386c7167ce52
https://raw.githubusercontent.com/tctree333/Reach-For-The-Stars-Images/master/dsos/ngc6357/ngc6357_2.jpg,c1382e99cfe63247
https://raw.githubusercontent.com/tctree333/Reach-For-The-Stars-Images/master/dsos/m60/M60.png,cc3333cccc3366cc
https://raw.githubusercontent.com/tctree333/Reach-For-The-Stars-Images/master/dsos/m60/m60.jpg,94f0690f96f46969
https://raw.githubusercontent.com/tctree333/Reach-For-The-Stars-Images/master/dsos/ngc6334/catspaw4.jpg,93d93d26e1611e8e
https://raw.githubusercontent.com/tctree333/Reach-For-The-Stars-Images/master/dsos/ngc6334/catspaw2.jpeg,9833664c75d933c6
https://raw.githubusercontent.com/tctree333/Reach-For-The-Stars-Images/master/dsos/ngc6334/catspaw1.jpeg,893126ccffb21c53
https://raw.githubusercontent.com/tctree333/Reach-For-The-Stars-Images/master/dsos/ngc6334/catspaw3.jpg,996666b3998c6473
https://raw.githubusercontent.com/tctree333/Reach-For-The-Stars-Images/master/dsos/ngc6334/catspaw.jpg,953569da6c4b1b13
https://raw.githubusercontent.com/tctree333/Reach-For-The-Stars-Images/master/dsos/sgr a*/Sgr_A.png,8fe67019ca663c95
https://raw.githubusercontent.com/tctree333/Reach-For-The-Stars-Images/master/dsos/sgr a*/sgrA*.jpg,c0c671699cf71c1e
https://raw.githubusercontent.com/tctree333/Reach-For-The-Stars-Images/master/dsos/ngc5128/centaurusA3.jpg,99ca6630d98c2e7b
https://raw.githubusercontent.com/tctree333/Reach-For-The-Stars-Images/master/dsos/ngc5128/centaurusA.jpg,936c6c936c6c939c
https://raw.githubusercontent.com/tctree333/Reach-For-The-Stars-Images/master/dsos/ngc5128/centaurusA2.jpg,ccc333aedcb12346
https://raw.githubusercontent.com/tctree333/Reach-For-The-Stars-Images/master/dsos/ngc5128/ngc5128.png,993766d299a84c76
https://raw.githubusercontent.com/tctree333/Reach-For-The-Stars-Images/master/dsos/ngc5128/centaurusA4.jpg,8864379bcc6633cd
https://raw.githubusercontent.com/tctree333/Reach-For-The-Stars-Images/master/dsos/ngc5128/centaurusA1.jpg,880327f888ceb7db
https://raw.githubusercontent.com/tctree333/Reach-For-The-Stars-Images/master/dsos/ngc5128/centaurusA5.jpg,997076d9d8267389
https://raw.githubusercontent.com/tctree333/Reach-For-The-Stars-Images/master/dsos/ngc4555/ngc4555.jpg,999c326362cdc967
https://raw.githubusercontent.com/tctree333/Reach-For-The-Stars-Images/master/dsos/m101/m101_2.jpg,988863ef8c763ad1
https://raw.githubusercontent.com/tctree333/Reach-For-The-Stars-Images/master/dsos/m101/m101.jpg,98676398cc73964e
https://raw.githubusercontent.com/tctree333/Reach-For-The-Stars-Images/master/dsos/m101/m101_1.jpg,8d7e3981e09cc753
https://raw.githubusercontent.com/tctree333/Reach-For-The-Stars-Images/master/dsos/m101/pinwheel.jpg,8f6e3081c8bc477b
https://raw.githubusercontent.com/tctree333/Reach-For-The-Stars-Images/master/dsos/m101/m101_3.jpg,9c8863ef8c267ad1
https://raw.githubusercontent.com/tctree333/Reach-For-The-Stars-Images/master/dsos/m101/M101.png,9993666599f66618
https://raw.githubusercontent.com/tctree333/Reach-For-The-Stars-Images/master/dsos/ngc4676/ngc4676.png,8eb43169dad6342d
https://raw.githubusercontent.com/tctree333/Reach-For-The-Stars-Images/master/dsos/ngc4676/mice_galaxies.jpg,8fa62069cbda7664
https://raw.githubusercontent.com/tctree333/Reach-For-The-Stars-Images/master/dsos/m8/M8(Lagoon_Nebula).png,d93466d973646496
https://raw.githubusercontent.com/tctree333/Reach-For-The-Stars-Images/master/dsos/m8/lagoon3.jpg,849c3f736cbc1323
https://raw.githubusercontent.com/tctree333/Reach-For-The-Stars-Images/master/dsos/m8/lagoon1.jpg,d4296bb6eeb8860a
https://raw.githubusercontent.com/tctree333/Reach-For-The-Stars-Images/master/dsos/m8/Messier-8.jpg,cda08213dd4d7667
https://raw.githubusercontent.com/tctree333/Reach-For-The-Stars-Images/master/dsos/m8/lagoon2.jpg,c98132ef99d0cf19
https://raw.githubusercontent.com/tctree333/Reach-For-The-Stars-Images/master/dsos/m8/lagoon.jpg,86b232cccd3595da
https://raw.githubusercontent.com/tctree333/Reach-For-The-Stars-Images/master/dsos/dragonfish nebula/dragonfish.jpg,c5c236a149be73c3
https://raw.githubusercontent.com/tctree333/Reach-For-The-Stars-Images/master/dsos/dragonfish nebula/Dragonfish_Nebula.png,d6d31c3c2de12396
https://raw.githubusercontent.com/tctree333/Reach-For-The-Stars-Images/master/dsos/baby boom galaxy/Baby_Boom_Galaxy.jpg,ce3831c79c3963b2
https://raw.githubusercontent.com/tctree333/Reach-For-The-Stars-Images/master/dsos/baby boom galaxy/baby_boom.jpg,dbb30464d81b57a6
https://raw.githubusercontent.com/tctree333/Reach-For-The-Stars-Images/master/dsos/ngc4038/antennae.jpg,9702396866b3c96f
https://raw.githubusercontent.com/tctree333/Reach-For-The-Stars-Images/master/dsos/ngc4038/antennae1.jpg,d89f3164669399cc
https://raw.githubusercontent.com/tctree333/Reach-For-The-Stars-Images/master/dsos/ngc4038/antennae3.jpg,9c9633696e272369
https://raw.githubusercontent.com/tctree333/Reach-For-The-Stars-Images/master/dsos/ngc4038/antennae2.jpg,cc9b3164c69b99cc
https://raw.githubusercontent.com/tctree333/Reach-For-The-Stars-Images/master/dsos/ngc4038/ngc4038.png,cc7b739ccc9b2122
https://raw.githubusercontent.com/tctree333/Reach-For-The-Stars-Images/master/dsos/ngc1333/mgc1333_1.jpg,c1c739381ccea6d9
https://raw.githubusercontent.com/tctree333/Reach-For-The-Stars-Images/master/dsos/ngc1333/ngc1333.jpg,cec773381856c7c1
https://raw.githubusercontent.com/tctree333/Reach-For-The-Stars-Images/master/dsos/30 doradus/taruantula.jpg,8c6e7295ca8d3359
https://raw.githubusercontent.com/tctree333/Reach-For-The-Stars-Images/master/dsos/30 doradus/taurantula4.jpg,cef8310f2918c737
https://raw.githubusercontent.com/tctree333/Reach-For-The-Stars-Images/master/dsos/30 doradus/taurantula1.jpg,c5e13e3cc4583b9c
https://raw.githubusercontent.com/tctree333/Reach-For-The-Stars-Images/master/dsos/30 doradus/taurantula3.jpg,cae1387e0e4839d7
https://raw.githubusercontent.com/tctree333/Reach-For-The-Stars-Images/master/dsos/30 doradus/30_doradus.png,d58624a3dfd303c9
https://raw.githubusercontent.com/tctree333/Reach-For-The-Stars-Images/master/dsos/30 doradus/taurantula2.jpg,cfa33978c694711a
https://raw.githubusercontent.com/tctree333/Reach-For-The-Stars-Images/master/dsos/gn-z11/GN-z11.jpg,b55a4aa5355a36a5
https://raw.githubusercontent.com/tctree333/Reach-For-The-Stars-Images/master/dsos/m31/andromeda3.jpg,d9c4663999e46699
https://raw.githubusercontent.com/tctree333/Reach-For-The-Stars-Images/master/dsos/m31/andromeda2.jpg,c5713a853d5ac32d
https://raw.githubusercontent.com/tctree333/Reach-For-The-Stars-Images/master/dsos/m31/M31.jpg,909d36644dda69d6
https://raw.githubusercontent.com/tctree333/Reach-For-The-Stars-Images/master/dsos/m31/andromeda4.jpg,d46b351e4f8748a6
https://raw.githubusercontent.com/tctree333/Reach-For-The-Stars-Images/master/dsos/m31/andromeda.jpg,83be6467cc90b366
https://raw.githubusercontent.com/tctree333/Reach-For-The-Stars-Images/master/dsos/m104/sombrero3.jpg,8cb9734ecc913366
https://raw.githubusercontent.com/tctree333/Reach-For-The-Stars-Images/master/dsos/m104/sombrero2.jpg,8d4a379cca6178bc
https://raw.githubusercontent.com/tctree333/Reach-For-The-Stars-Images/master/dsos/m104/sombrero.jpg,8dca359cd3e96834
https://raw.githubusercontent.com/tctree333/Reach-For-The-Stars-Images/master/dsos/m104/sombrero1.jpg,cdca259cd6cb6834
https://raw.githubusercontent.com/tctree333/Reach-For-The-Stars-Images/master/dsos/m104/M104.png,cccc3333cccc3333
https://raw.githubusercontent.com/tctree333/Reach-For-The-Stars-Images/master/dsos/m42/orion2.jpg,c4cf39b8cc833371
https://raw.githubusercontent.com/tctree333/Reach-For-The-Stars-Images/master/dsos/m42/Orion_Nebula.png,9d99636743787838
https://raw.githubusercontent.com/tctree333/Reach-For-The-Stars-Images/master/dsos/m42/orion.jpg,c68c31313bcd2f2e
https://raw.githubusercontent.com/tctree333/Reach-For-The-Stars-Images/master/dsos/m42/orion3.jpg,999667e1180d36eb
https://raw.githubusercontent.com/tctree333/Reach-For-The-Stars-Images/master/dsos/m42/orion1.jpg,c03d31e76c07d553
https://raw.githubusercontent.com/tctree333/Reach-For-The-Stars-Images/master/dsos/smc/SMC3.jpg,9e706b9923ccc9a3
https://raw.githubusercontent.com/tctree333/Reach-For-The-Stars-Images/master/dsos/smc/smc8.jpg,c7e3381c3a3ccd61
https://raw.githubusercontent.com/tctree333/Reach-For-The-Stars-Images/master/dsos/smc/SMC4.jpg,cec733188cb449cf
https://raw.githubusercontent.com/tctree333/Reach-For-The-Stars-Images/master/dsos/smc/SMC5.jpg,8b8e6461d99ccc67
https://raw.githubusercontent.com/tctree333/Reach-For-The-Stars-Images/master/dsos/smc/SMC.png,c86163ce1d1d3e36
https://raw.githubusercontent.com/tctree333/Reach-For-The-Stars-Images/master/dsos/smc/SMC6.jpg,93346d53918d66f1
https://raw.githubusercontent.com/tctree333/Reach-For-The-Stars-Images/master/dsos/smc/smc7.jpg,94666b943fd8865a
https://raw.githubusercontent.com/tctree333/Reach-For-The-Stars-Images/master/dsos/t tauri/NGC1555.jpg,d907263b19c6ce99
https://raw.githubusercontent.com/tctree333/Reach-For-The-Stars-Images/master/dsos/t tauri/ttauri.jpg,99c366999962669d